-- phpMyAdmin SQL Dump
-- version 5.2.1
-- https://www.phpmyadmin.net/
--
-- Servidor: 127.0.0.1
-- Tiempo de generación: 22-11-2024 a las 21:46:59
-- Versión del servidor: 10.4.32-MariaDB
-- Versión de PHP: 8.2.12

SET SQL_MODE = "NO_AUTO_VALUE_ON_ZERO";
START TRANSACTION;
SET time_zone = "+00:00";


/*!40101 SET @OLD_CHARACTER_SET_CLIENT=@@CHARACTER_SET_CLIENT */;
/*!40101 SET @OLD_CHARACTER_SET_RESULTS=@@CHARACTER_SET_RESULTS */;
/*!40101 SET @OLD_COLLATION_CONNECTION=@@COLLATION_CONNECTION */;
/*!40101 SET NAMES utf8mb4 */;

--
-- Base de datos: `zombie_plash_bd`
--

-- --------------------------------------------------------

--
-- Estructura de tabla para la tabla `amistad`
--

CREATE TABLE `amistad` (
  `id_amistad` int(11) NOT NULL,
  `id_jugador` int(11) NOT NULL,
  `id_amigo` int(11) NOT NULL,
  `fecha_amistad` timestamp NOT NULL DEFAULT current_timestamp()
) ENGINE=InnoDB DEFAULT CHARSET=utf8mb4 COLLATE=utf8mb4_general_ci;

--
-- Volcado de datos para la tabla `amistad`
--

INSERT INTO `amistad` (`id_amistad`, `id_jugador`, `id_amigo`, `fecha_amistad`) VALUES
(1, 1, 6, '2024-11-15 19:38:43'),
(2, 1, 2, '2024-11-15 20:07:15'),
(3, 1, 4, '2024-11-15 20:07:59'),
(4, 1, 16, '2024-11-15 21:15:26'),
(5, 1, 9, '2024-11-17 03:27:07'),
(6, 1, 10, '2024-11-17 03:27:23'),
(7, 7, 1, '2024-11-22 20:14:53');

-- --------------------------------------------------------

--
-- Estructura de tabla para la tabla `jugador`
--

CREATE TABLE `jugador` (
  `id_jugador` int(11) NOT NULL,
  `nombre` varchar(255) DEFAULT NULL,
  `id_credenciales` int(11) DEFAULT NULL,
  `id_registro` int(11) DEFAULT NULL
) ENGINE=InnoDB DEFAULT CHARSET=utf8mb4 COLLATE=utf8mb4_general_ci;

--
-- Volcado de datos para la tabla `jugador`
--

INSERT INTO `jugador` (`id_jugador`, `nombre`, `id_credenciales`, `id_registro`) VALUES
(1, 'bscl', NULL, 1),
(2, 'bsl-1', NULL, 6),
(3, 'bscl-2', NULL, 7),
(4, 'bsl-3', NULL, 8),
(5, 'bscl-4', NULL, 9),
(6, 'bscl-5', NULL, 10),
(7, 'bsl-31', NULL, 12),
(9, 'pepen', NULL, 20),
(10, 'jhon', NULL, 2);

-- --------------------------------------------------------

--
-- Estructura de tabla para la tabla `jugadores_en_sala`
--

CREATE TABLE `jugadores_en_sala` (
  `id` int(11) NOT NULL,
  `id_sala` int(11) DEFAULT NULL,
  `id_jugador` int(11) DEFAULT NULL,
  `nombre_jugador` varchar(255) DEFAULT NULL
) ENGINE=InnoDB DEFAULT CHARSET=utf8mb4 COLLATE=utf8mb4_general_ci;

--
-- Volcado de datos para la tabla `jugadores_en_sala`
--

INSERT INTO `jugadores_en_sala` (`id`, `id_sala`, `id_jugador`, `nombre_jugador`) VALUES
(162, 115, 1, 'bscl'),
(163, 116, 1, 'bscl'),
(164, 117, 1, 'bscl'),
(166, 119, 1, 'bscl'),
(173, 123, 1, 'bscl'),
(174, 123, 10, 'jhon'),
(175, 124, 3, 'bscl-2'),
(176, 125, 3, 'bscl-2');

-- --------------------------------------------------------

--
-- Estructura de tabla para la tabla `partida`
--

CREATE TABLE `partida` (
  `id_partida` int(11) NOT NULL,
  `fecha_partida` date DEFAULT NULL,
  `ganador` varchar(255) DEFAULT NULL
) ENGINE=InnoDB DEFAULT CHARSET=utf8mb4 COLLATE=utf8mb4_general_ci;

-- --------------------------------------------------------

--
-- Estructura de tabla para la tabla `perfil`
--

CREATE TABLE `perfil` (
  `id_perfil` int(11) NOT NULL,
  `nombre` varchar(255) DEFAULT NULL,
  `descripcion` text DEFAULT NULL,
  `imagen` blob DEFAULT NULL,
  `estado` varchar(255) DEFAULT NULL,
  `tipo_articulo` varchar(255) DEFAULT NULL
) ENGINE=InnoDB DEFAULT CHARSET=utf8mb4 COLLATE=utf8mb4_general_ci;

-- --------------------------------------------------------

--
-- Estructura de tabla para la tabla `poderes`
--

CREATE TABLE `poderes` (
  `id_poderes` int(11) NOT NULL,
  `uso_poder` varchar(255) DEFAULT NULL,
  `estado_poder` varchar(255) DEFAULT NULL
) ENGINE=InnoDB DEFAULT CHARSET=utf8mb4 COLLATE=utf8mb4_general_ci;

-- --------------------------------------------------------

--
-- Estructura de tabla para la tabla `recuperar_contraseña`
--

CREATE TABLE `recuperar_contraseña` (
  `id_codigo` int(11) NOT NULL,
  `id_registro` int(11) DEFAULT NULL,
  `fecha_inicio` date DEFAULT NULL,
  `fecha_fin` date DEFAULT NULL,
  `codigo` varchar(255) DEFAULT NULL,
  `estado` varchar(255) DEFAULT NULL
) ENGINE=InnoDB DEFAULT CHARSET=utf8mb4 COLLATE=utf8mb4_general_ci;

-- --------------------------------------------------------

--
-- Estructura de tabla para la tabla `registro_usuarios`
--

CREATE TABLE `registro_usuarios` (
  `id_registro` int(11) NOT NULL,
  `nombre` varchar(255) DEFAULT NULL,
  `contraseña` varchar(255) DEFAULT NULL,
  `correo` varchar(255) DEFAULT NULL,
  `estado` varchar(255) DEFAULT NULL,
  `avatar` varchar(255) DEFAULT 'perfil1.jpeg'
) ENGINE=InnoDB DEFAULT CHARSET=utf8mb4 COLLATE=utf8mb4_general_ci;

--
-- Volcado de datos para la tabla `registro_usuarios`
--

INSERT INTO `registro_usuarios` (`id_registro`, `nombre`, `contraseña`, `correo`, `estado`, `avatar`) VALUES
(1, 'bscl', '$2y$10$vGmfIplF7fkVC8HAHDSwp.19i1qeOw6SlDJS0lqQ8ULb55VyoZiwy', 'bscl20062007@gmail.com', NULL, '6740d43f656a1_foto.jpg'),
(2, 'jhon', '$2y$10$Yi5b4dFqPazLcPMhFja0fuoz10TS2QxCN1n4nFBeLswFxYYOE7Pga', 'jhon@d.com', NULL, '6740eb98180d7_relaciones.png'),
(3, 'jhondd', '$2y$10$8gAjzhQMgOjmM0S.c5384Og5wDjmx2.wYH3RPTa0RgfYN5QysIyfG', 'wwww@gmail.co', NULL, 'perfil1.jpeg'),
(4, 'bs', '$2y$10$6ZeQlaB2GjNHcoOcumTxTeQSjCgevvpkbzKfnlPG4vEw/gVoXRB/y', 'bsc@gmail.com', NULL, 'perfil1.jpeg'),
(6, 'bsl-1', '$2y$10$iQU7o1RbOyLG3ie53guOYO8LuPNpXFxc8IT.tAsST0GnmWaOXLfru', 'bscl-1@gmail.com', NULL, 'perfil1.jpeg'),
(7, 'bscl-2', '$2y$10$CIr/WjQSTAR02H1Wqs6r/uQLlWrLqY//7fr8FJo/oC49ea7HjTdoO', 'bscl-2@gmail.com', NULL, '6740e68ae2e38_foto.jpg'),
(8, 'bsl-3', '$2y$10$Zr6XuSqwJZwWJf3C4gZ.1.yrFU46aWtAkk8sebGEKJi8k92YQaywa', 'bscl-3@gmail.com', NULL, 'perfil1.jpeg'),
(9, 'bscl-4', '$2y$10$RncrORRaf/wF8GavdHIMNO2S5BQghk2XmN6/b9j9vDMxBnY/KVG7.', 'bscl-4@gmail.com', NULL, 'perfil1.jpeg'),
(10, 'bscl-5', '$2y$10$Pm.KgzjXIutMFVt.0h8d2OgYaez6TYFPiKE7km9CWwv4ZN89Fr1rO', 'bscl-5@gmail.com', NULL, 'perfil1.jpeg'),
(11, 'catalina', '$2y$10$h6SZm1h9E3jO3wbbelCWr.SmtEUzbAX0chtjY3WFsG7gTXcGfvN2i', 'catalina2005cometta@gmail.com', NULL, 'perfil1.jpeg'),
(12, 'bsl-31', '$2y$10$0y5Xft.a5SI8taVmJftfLOkE5MpqL.2PjoNlf1ddiYfZ1.nW4wbCW', 'wwwffw@gmail.co', NULL, 'perfil1.jpeg'),
(14, 'hola283', '$2y$10$7y5yCSDFY48XwYr19/AFleoFccoPdacLEOQtGR2ckacM6Q7.ITMka', 'hola@gamail.com', NULL, 'perfil1.jpeg'),
(15, 'GTRG', '$2y$10$Rf8IFRrLLUlbY8D2zkUGjeOmjpK6Nlw9yu0wmXQQJDXZ4OZRNktoa', 'RTG@GMAIL.COM', NULL, 'perfil1.jpeg'),
(16, 's', '$2y$10$tzPvpaaP5fixP2pQ/EIpL.abRFY7XZ2DR299KvmdRn84mEZGzO5R6', 'bscl2006s2007@gmail.com', NULL, 'perfil1.jpeg'),
(17, 'sss', '$2y$10$2Y.lDE1SArVeGThmLlXjkO0G/htDy8SzOEoFv.EBP.cx/mYnLruiK', 'bscl2006s20aa07@gmail.com', NULL, 'perfil1.jpeg'),
(18, 'pepe', '$2y$10$Fy3Sk2jd7Ao2BfNtaHJj6OWcmBTBNdDFEIf0v./aOu9EtYcu2TKw2', 'pepe@gmail.com', NULL, 'perfil1.jpeg'),
(19, 'bscl-9', '$2y$10$0rSkwnkECYnBeuyIzsMR8.ZYRSfJY6jqVHXm4Se9UWxdjFSB5iPZW', 'bscl-9@gmail.com', NULL, 'perfil1.jpeg'),
(20, 'pepen', '$2y$10$l2glVT3gwpw0CYCGDGliLuqiAgyfnCzL2cTIvdS2tMB/fA8omEsgm', 'bscl20062m007@gmail.com', NULL, 'perfil1.jpeg'),
(21, 'hola2332', '$2y$10$GRyUZvIAADLTeHisTL1q4.L6S9mGnuypWsp2rEY4XhEh02Nuk.1MW', 'holas3de@gmail.com', NULL, 'perfil1.jpeg');

-- --------------------------------------------------------

--
-- Estructura de tabla para la tabla `rol_jugador`
--

CREATE TABLE `rol_jugador` (
  `id_rol_jugador` int(11) NOT NULL,
  `id_participacion` int(11) DEFAULT NULL,
  `tipo_rol` varchar(255) DEFAULT NULL
) ENGINE=InnoDB DEFAULT CHARSET=utf8mb4 COLLATE=utf8mb4_general_ci;

-- --------------------------------------------------------

--
-- Estructura de tabla para la tabla `salas`
--

CREATE TABLE `salas` (
  `id_sala` int(255) NOT NULL,
  `id_creador` int(11) NOT NULL,
  `contraseña` varchar(255) NOT NULL,
  `max_jugadores` int(11) NOT NULL,
  `jugadores_unidos` int(11) NOT NULL DEFAULT 1
) ENGINE=InnoDB DEFAULT CHARSET=utf8mb4 COLLATE=utf8mb4_general_ci;

--
-- Volcado de datos para la tabla `salas`
--

INSERT INTO `salas` (`id_sala`, `id_creador`, `contraseña`, `max_jugadores`, `jugadores_unidos`) VALUES
(115, 1, '$2y$10$kbJKxBy2omEv1.6CniXb3uV7tYjxitZkeHbVU8f0Z/nuhb0oE2gUm', 2, 1),
(116, 1, '$2y$10$lE70RsWQU3w/KJcDtOYI6u5bL8k5zRRV9InFykKjHPa2TaWFBXUK.', 5, 1),
(117, 1, '$2y$10$9YNmowkGmL6cZBjzrq6p0.IlgCfmROheYxUd2UNuAeRG01DyOKLrK', 1, 1),
(119, 1, '$2y$10$lIW5jnQp1Sy8wAgZD99v6e.EOkLoTAUZEA0JubnnvufpJQxGzbpzC', 2, 1),
(123, 1, '$2y$10$EgKQ9.hV6LkffxiVQGQi5OMWav5bserGLfSaKYicv1s/m0nlcec0y', 2, 2),
(124, 3, '$2y$10$/dhr/US4CXe8e691dFzkzOK5V5TGh7jN86Peir4AKQ5e0r/AUOdUi', 2, 1),
(125, 3, '$2y$10$di47fcsaVZXEngRhDb8vSef1olZRFQ.D8eKf0dPejDa18A7pBw5/C', 2, 1);

-- --------------------------------------------------------

--
-- Estructura de tabla para la tabla `tipo_seleccion`
--

CREATE TABLE `tipo_seleccion` (
  `id_tipo_seleccion` int(11) NOT NULL,
  `id_perfil` int(11) DEFAULT NULL,
  `id_jugador` int(11) DEFAULT NULL,
  `uso_articulo` varchar(255) DEFAULT NULL
) ENGINE=InnoDB DEFAULT CHARSET=utf8mb4 COLLATE=utf8mb4_general_ci;

--
-- Índices para tablas volcadas
--

--
-- Indices de la tabla `amistad`
--
ALTER TABLE `amistad`
  ADD PRIMARY KEY (`id_amistad`),
  ADD UNIQUE KEY `unique_friendship` (`id_jugador`,`id_amigo`),
  ADD KEY `id_amigo` (`id_amigo`);

--
-- Indices de la tabla `jugador`
--
ALTER TABLE `jugador`
  ADD PRIMARY KEY (`id_jugador`),
  ADD UNIQUE KEY `id_registro` (`id_registro`),
  ADD UNIQUE KEY `id_credenciales` (`id_credenciales`);

--
-- Indices de la tabla `jugadores_en_sala`
--
ALTER TABLE `jugadores_en_sala`
  ADD PRIMARY KEY (`id`),
  ADD KEY `id_sala` (`id_sala`),
  ADD KEY `id_jugador` (`id_jugador`);

--
-- Indices de la tabla `partida`
--
ALTER TABLE `partida`
  ADD PRIMARY KEY (`id_partida`);

--
-- Indices de la tabla `perfil`
--
ALTER TABLE `perfil`
  ADD PRIMARY KEY (`id_perfil`);

--
-- Indices de la tabla `poderes`
--
ALTER TABLE `poderes`
  ADD PRIMARY KEY (`id_poderes`);

--
-- Indices de la tabla `recuperar_contraseña`
--
ALTER TABLE `recuperar_contraseña`
  ADD PRIMARY KEY (`id_codigo`),
  ADD KEY `fk_id_registro` (`id_registro`);

--
-- Indices de la tabla `registro_usuarios`
--
ALTER TABLE `registro_usuarios`
  ADD PRIMARY KEY (`id_registro`);

--
-- Indices de la tabla `rol_jugador`
--
ALTER TABLE `rol_jugador`
  ADD PRIMARY KEY (`id_rol_jugador`),
  ADD KEY `fk_id_participacion` (`id_participacion`);

--
-- Indices de la tabla `salas`
--
ALTER TABLE `salas`
  ADD PRIMARY KEY (`id_sala`),
  ADD KEY `id_creador` (`id_creador`);

--
-- Indices de la tabla `tipo_seleccion`
--
ALTER TABLE `tipo_seleccion`
  ADD PRIMARY KEY (`id_tipo_seleccion`),
  ADD KEY `fk_id_perfil` (`id_perfil`),
  ADD KEY `fk_id_jugador` (`id_jugador`);

--
-- AUTO_INCREMENT de las tablas volcadas
--

--
-- AUTO_INCREMENT de la tabla `amistad`
--
ALTER TABLE `amistad`
  MODIFY `id_amistad` int(11) NOT NULL AUTO_INCREMENT, AUTO_INCREMENT=8;

--
-- AUTO_INCREMENT de la tabla `jugador`
--
ALTER TABLE `jugador`
  MODIFY `id_jugador` int(11) NOT NULL AUTO_INCREMENT, AUTO_INCREMENT=11;

--
-- AUTO_INCREMENT de la tabla `jugadores_en_sala`
--
ALTER TABLE `jugadores_en_sala`
  MODIFY `id` int(11) NOT NULL AUTO_INCREMENT, AUTO_INCREMENT=177;

--
-- AUTO_INCREMENT de la tabla `registro_usuarios`
--
ALTER TABLE `registro_usuarios`
  MODIFY `id_registro` int(11) NOT NULL AUTO_INCREMENT, AUTO_INCREMENT=22;

--
-- AUTO_INCREMENT de la tabla `salas`
--
ALTER TABLE `salas`
  MODIFY `id_sala` int(255) NOT NULL AUTO_INCREMENT, AUTO_INCREMENT=126;

--
-- Restricciones para tablas volcadas
--

--
-- Filtros para la tabla `amistad`
--
ALTER TABLE `amistad`
  ADD CONSTRAINT `amistad_ibfk_1` FOREIGN KEY (`id_jugador`) REFERENCES `registro_usuarios` (`id_registro`) ON DELETE CASCADE,
  ADD CONSTRAINT `amistad_ibfk_2` FOREIGN KEY (`id_amigo`) REFERENCES `registro_usuarios` (`id_registro`) ON DELETE CASCADE;

--
-- Filtros para la tabla `jugador`
--
ALTER TABLE `jugador`
  ADD CONSTRAINT `fk_jugador_registro` FOREIGN KEY (`id_registro`) REFERENCES `registro_usuarios` (`id_registro`),
  ADD CONSTRAINT `jugador_ibfk_1` FOREIGN KEY (`id_registro`) REFERENCES `registro_usuarios` (`id_registro`) ON DELETE CASCADE ON UPDATE CASCADE,
  ADD CONSTRAINT `jugador_ibfk_2` FOREIGN KEY (`id_credenciales`) REFERENCES `invitados` (`id_invitado`) ON DELETE CASCADE ON UPDATE CASCADE;

--
-- Filtros para la tabla `jugadores_en_sala`
--
ALTER TABLE `jugadores_en_sala`
  ADD CONSTRAINT `jugadores_en_sala_ibfk_1` FOREIGN KEY (`id_sala`) REFERENCES `salas` (`id_sala`),
  ADD CONSTRAINT `jugadores_en_sala_ibfk_2` FOREIGN KEY (`id_jugador`) REFERENCES `jugador` (`id_jugador`);

--
-- Filtros para la tabla `recuperar_contraseña`
--
ALTER TABLE `recuperar_contraseña`
  ADD CONSTRAINT `fk_id_registro` FOREIGN KEY (`id_registro`) REFERENCES `registro_usuarios` (`id_registro`);

--
-- Filtros para la tabla `rol_jugador`
--
ALTER TABLE `rol_jugador`
  ADD CONSTRAINT `fk_id_participacion` FOREIGN KEY (`id_participacion`) REFERENCES `partida` (`id_partida`);

--
-- Filtros para la tabla `salas`
--
ALTER TABLE `salas`
  ADD CONSTRAINT `fk_id_creador` FOREIGN KEY (`id_creador`) REFERENCES `jugador` (`id_jugador`) ON DELETE CASCADE;

--
-- Filtros para la tabla `tipo_seleccion`
--
ALTER TABLE `tipo_seleccion`
  ADD CONSTRAINT `fk_id_jugador` FOREIGN KEY (`id_jugador`) REFERENCES `jugador` (`id_jugador`),
  ADD CONSTRAINT `fk_id_perfil` FOREIGN KEY (`id_perfil`) REFERENCES `perfil` (`id_perfil`);
COMMIT;

/*!40101 SET CHARACTER_SET_CLIENT=@OLD_CHARACTER_SET_CLIENT */;
/*!40101 SET CHARACTER_SET_RESULTS=@OLD_CHARACTER_SET_RESULTS */;
/*!40101 SET COLLATION_CONNECTION=@OLD_COLLATION_CONNECTION */;
